"ZONE_GEO","COMMUNE","ACTE","POSTE","PRESTATAIRE","COUT_MOYEN","NB_ACTES","NB_PATIENTS","PART_FLUX","RATIO_COUT","CLINIQUE_ALTERNATIVE","COUT_ALTERNATIVE","ECONOMIE_REDIRECTION"
"ABIDJAN","COCODY","HOSPITALISATION MEDICALE","HOSPITALISATION","POLYCLINIQUE INTERNATIONALE SAINTE ANNE MARIE (P.I.S.A.M)",340725.589285714,56,33,0.10727969348659,2.91829548443933,"GROUPE MEDICAL ZOE",71936.8421052632,15052169.8421053
"ABIDJAN","MARCORY","PHARMACIE","PHARMACIE","PHARMACIE PTT",34729.8241469816,381,183,0.191169091821375,2.68940376244588,"PHARMACIE GRAND MARCHE",10037.2916666667,9407854.875
"ABIDJAN","MARCORY","EXAMEN BIOLOGIQUE","LABORATOIRE","POLYCLINIQUE FARAH",77465.5985915493,142,114,0.651376146788991,1.94759518771966,"CENTRE MEDICAL PRIMA",31728.3333333333,6494691.66666666
"ABIDJAN","COCODY","NUMERATION FORMULE SANGUINE (NFS)","LABORATOIRE","POLYCLINIQUE INTERNATIONALE SAINTE ANNE MARIE (P.I.S.A.M)",89528.3421052632,76,63,0.0557593543653705,2.59042546508773,"GROUPE MEDICAL ZOE",17861.7021276596,5446664.63829787
"ABIDJAN","YOPOUGON","PHARMACIE","PHARMACIE","PHARMACIE KENEYA - YOPOUGON",38253.8086419753,162,80,0.0481999404939006,3.27706783273026,"CENTRE MEDICAL LA CHRYSALIDE",5306.53846153846,5337457.76923077
"ABIDJAN","COCODY","HOSPITALISATION MEDICALE","HOSPITALISATION","HOTEL DE LA SANTE SAINTE HENRIETTE",212087,32,21,0.0613026819923372,1.81651321142563,"GROUPE MEDICAL ZOE",71936.8421052632,4484805.05263158
"ABIDJAN","COCODY","HOSPITALISATION MEDICALE","HOSPITALISATION","CLINIQUE LA PROVIDENCE",295164.3,20,13,0.0383141762452107,2.52806560746863,"GROUPE MEDICAL ZOE",71936.8421052632,4464549.15789474
"ABIDJAN","COCODY","PHARMACIE","PHARMACIE","PHARMACIE DU LYCEE TECHNIQUE",23881.6433566433,286,186,0.0308855291576674,1.93786963158293,"PHARMACIE DES CITES",8363.59090909091,4438163
"ABIDJAN","COCODY","PHARMACIE","PHARMACIE","PHARMACIE RIVIERA III",40589.6851851852,108,73,0.0116630669546436,3.29363926515556,"PHARMACIE DES CITES",8363.59090909091,3480418.18181818
"ABIDJAN","COCODY","PHARMACIE","PHARMACIE","PHARMACIE STE AGATHE - COCODY",31715.9448818898,127,95,0.0137149028077754,2.57358195605392,"PHARMACIE DES CITES",8363.59090909091,2965748.95454546
"ABIDJAN","COCODY","HOSPITALISATION MEDICALE","HOSPITALISATION","POLYCLINIQUE SACRE COEUR",180909.083333333,24,22,0.0459770114942529,1.54947611094457,"GROUPE MEDICAL ZOE",71936.8421052632,2615333.78947368
"ABIDJAN","COCODY","EXAMEN BIOLOGIQUE","LABORATOIRE","INSTITUT COEUR DE GRACES (CARDIOLOGIE)",102881.5,30,19,0.0375469336670839,3.14127117647867,"CLINIQUE NOTRE DAME DE L'INCARNATION",23423.1481481481,2383750.55555556
"ABIDJAN","PLATEAU","NUMERATION FORMULE SANGUINE (NFS)","LABORATOIRE","LABORATOIRE LONGCHAMP",87326.511627907,43,40,0.212871287128713,1.7949951002653,"POLYCLINIQUE INT. DE L'INDENIE",35055.2083333333,2247666.04166667
"ABIDJAN","MARCORY","PRELEVEMENT SANGUIN","LABORATOIRE","POLYCLINIQUE FARAH",60517.572815534,103,86,0.390151515151515,1.55535149796968,"CENTRE MEDICAL PRIMA",38909.2580645161,2225656.41935484
"HORS-ABIDJAN","GRAND-BASSAM","EXAMEN BIOLOGIQUE","LABORATOIRE","CABINET DE CARDIOLOGIE SAINTE EUNICE",96545.8333333333,30,15,0.147058823529412,2.82304726389414,"CLINIQUE MEDICAL SILOE SARL",34199.1558441558,1870400.32467532
"ABIDJAN","YOPOUGON","NUMERATION FORMULE SANGUINE (NFS)","LABORATOIRE","CLINIQUE LAROCHE & BETHSAIDA",88023.9130434783,23,12,0.0749185667752443,3.44179523141655,"AFOSUCOA - FSUCOM OUASSAKARA",16682.2916666667,1640857.29166667
"ABIDJAN","COCODY","EXAMEN BIOLOGIQUE","LABORATOIRE","POLYCLINIQUE INTERNATIONALE SAINTE ANNE MARIE (P.I.S.A.M)",84033.8,25,20,0.0312891113892365,2.56579612262626,"CLINIQUE NOTRE DAME DE L'INCARNATION",23423.1481481481,1515266.2962963
"ABIDJAN","YOPOUGON","NUMERATION FORMULE SANGUINE (NFS)","LABORATOIRE","CENTRE MEDICAL LA CHRYSALIDE",46044.3478260869,46,41,0.149837133550489,1.80036550639636,"AFOSUCOA - FSUCOM OUASSAKARA",16682.2916666667,1350654.58333333
"ABIDJAN","COCODY","PHARMACIE","PHARMACIE","PHARMACIE STE CECILE DES VALLONS",20029.2086956522,115,71,0.0124190064794816,1.62526484029182,"PHARMACIE DES CITES",8363.59090909091,1341546.04545455
"ABIDJAN","YOPOUGON","PHARMACIE","PHARMACIE","PHARMACIE ZONE MICAO",35643.2558139535,43,18,0.012793811365665,3.05343104983052,"CENTRE MEDICAL LA CHRYSALIDE",5306.53846153846,1304478.84615385
"ABIDJAN","COCODY","NUMERATION FORMULE SANGUINE (NFS)","LABORATOIRE","CIRAD - BIO",87463.8235294118,17,13,0.012472487160675,2.53069039833373,"GROUPE MEDICAL ZOE",17861.7021276596,1183236.06382979
"ABIDJAN","COCODY","PHARMACIE","PHARMACIE","PHARMACIE BEREKYAH",21139.9425287356,87,41,0.00939524838012959,1.71539504330003,"PHARMACIE DES CITES",8363.59090909091,1111542.59090909
"ABIDJAN","COCODY","EXAMEN BIOLOGIQUE","LABORATOIRE","CENTRE MEDICAL HOMEA",55146.5714285714,35,21,0.0438047559449312,1.68378508585308,"CLINIQUE NOTRE DAME DE L'INCARNATION",23423.1481481481,1110319.81481482
"ABIDJAN","YOPOUGON","PHARMACIE","PHARMACIE","PHARMACIE LA MAISON BLANCHE",22928.0158730159,63,40,0.0187444213031836,1.96416163391748,"CENTRE MEDICAL LA CHRYSALIDE",5306.53846153846,1110153.07692308
"ABIDJAN","COCODY","NUMERATION FORMULE SANGUINE (NFS)","LABORATOIRE","SIGH CLINIQUE PROCREA",54217.2413793103,29,25,0.0212765957446809,1.56872918020356,"GROUPE MEDICAL ZOE",17861.7021276596,1054310.63829787
"ABIDJAN","COCODY","PHARMACIE","PHARMACIE","PHARMACIE LES MIMOSAS",19447.6923076923,91,45,0.00982721382289417,1.57807784684809,"PHARMACIE DES CITES",8363.59090909091,1008653.22727273
"ABIDJAN","YOPOUGON","PHARMACIE","PHARMACIE","PHARMACIE TIZRA",26883.9130434783,46,28,0.0136864028562928,2.30304928529466,"CENTRE MEDICAL LA CHRYSALIDE",5306.53846153846,992559.230769231
"ABIDJAN","MARCORY","PHARMACIE","PHARMACIE","PHARMACIE SAINT ANTOINE - MARCORY",21605.0987654321,81,30,0.0406422478675364,1.67305292597682,"PHARMACIE GRAND MARCHE",10037.2916666667,936992.375
"ABIDJAN","COCODY","GOUTTE EPAISSE - QBC","LABORATOIRE","CLINIQUE MEDICALE LES DRE",47613.6363636364,22,19,0.0305131761442441,1.88666703832514,"CENTRE DE SANTE URBAIN A BASE COMMUNAUTAIRE DE ANONO RIVIERA",6250,910000
"ABIDJAN","BINGERVILLE","PHARMACIE","PHARMACIE","PHARMACIE AKANDJE",34633.4722222222,36,18,0.0271698113207547,3.0007179233645,"PHARMACIE AKRE ALBERT ASSAMOI",10024.6949152542,885915.983050847
"ABIDJAN","COCODY","EXAMEN BIOLOGIQUE","LABORATOIRE","CLINIQUE MEDICALE DANGA",51571.1666666667,30,19,0.0375469336670839,1.57461758807344,"CLINIQUE NOTRE DAME DE L'INCARNATION",23423.1481481481,844440.555555555
"ABIDJAN","COCODY","INJECTION INTRA-MUSCULAIRE","SOINS AMBULATOIRES","ESPACE MEDICAL JADE",13829.3150684931,73,34,0.210982658959538,3.02565691916712,"CLINIQUE MERE DES ANGES",2705.88235294118,812010.588235294
"ABIDJAN","MARCORY","PHARMACIE","PHARMACIE","PHARMACIE DU PONT D'ANOUMABO",38524.6,25,12,0.0125439036628199,2.9832631385704,"PHARMACIE GRAND MARCHE",10037.2916666667,712182.708333333
"HORS-ABIDJAN","ABENGOUROU","EXAMEN BIOLOGIQUE","LABORATOIRE","CLINIQUE MEDICAL SAINT DAVID",50457.5,20,15,0.122699386503067,1.93493648637853,"CLINIQUE SOPHIA DE L'INDENIE",21526.8292682927,578613.414634146
"ABIDJAN","COCODY","INJECTION INTRA-MUSCULAIRE","SOINS AMBULATOIRES","CENTRE MEDICAL DES CITES",9082.36470588235,85,57,0.245664739884393,1.98709187538573,"CLINIQUE MERE DES ANGES",2705.88235294118,542001
"ABIDJAN","YOPOUGON","NUMERATION FORMULE SANGUINE (NFS)","LABORATOIRE","CLINIQUE MEDICALE MONT CARMEL",40893.1818181818,22,14,0.0716612377850163,1.59895139074025,"AFOSUCOA - FSUCOM OUASSAKARA",16682.2916666667,532639.583333333
"ABIDJAN","PLATEAU","PHARMACIE","PHARMACIE","PHARMACIE BOULEVARD CARDE",23095.6666666667,36,28,0.00506471581316826,1.72277153868468,"PHARMACIE AVENUE CHARDY",8778.66666666667,515412
"ABIDJAN","BINGERVILLE","EXAMEN BIOLOGIQUE","LABORATOIRE","SOCIETE MEDICALE LES PERLES",58233,15,12,0.0852272727272727,1.60753623188406,"CENTRE MEDICAL RADIUS",25431.8181818182,492017.727272727
"ABIDJAN","COCODY","PHARMACIE","PHARMACIE","PHARMACIE ST JEAN",18697.0638297872,47,35,0.0050755939524838,1.51716829760935,"PHARMACIE DES CITES",8363.59090909091,485673.227272727
"ABIDJAN","COCODY","PHARMACIE","PHARMACIE","PHARMACIE SAINT ANGE DES AMIS",20065.1315789474,38,15,0.0041036717062635,1.62817979315235,"PHARMACIE DES CITES",8363.59090909091,444658.545454545
"ABIDJAN","COCODY","INJECTION INTRAVEINEUSE","SOINS AMBULATOIRES","CLINIQUE LA PROVIDENCE",11840.6666666667,60,48,0.131004366812227,1.80776822552209,"GROUPE MEDICAL BOZOUMA",4486.66666666667,441240
"ABIDJAN","PORT-BOUET","PHARMACIE","PHARMACIE","PHARMACIE AKWABA",21257.1428571429,35,26,0.0541795665634675,1.64544889073191,"PHARMACIE ROUTE DE BASSAM",8687.60869565217,439933.695652174
"ABIDJAN","YOPOUGON","NUMERATION FORMULE SANGUINE (NFS)","LABORATOIRE","GROUPE MEDICAL SAINTE JEANNE ELEONORE (EX CL. STE JANE LEORA)",41255.8823529412,17,10,0.0553745928338762,1.61313322983152,"AFOSUCOA - FSUCOM OUASSAKARA",16682.2916666667,417751.041666667
"ABIDJAN","YOPOUGON","EXAMEN BIOLOGIQUE","LABORATOIRE","CLINIQUE LA GUARDIA",44604.4117647059,17,13,0.0414634146341463,1.53148194900278,"CENTRE MEDICAL LA CHRYSALIDE",26038.0357142857,315628.392857143
"ABIDJAN","ABOBO","NUMERATION FORMULE SANGUINE (NFS)","LABORATOIRE","CENTRE MEDICO-CHIRURGICAL DE LA CLEMENCE RAHMA (CMCC)",38468.1818181818,22,13,0.114583333333333,1.51705505761844,"POLYCLINIQUE CENTRALE DE ABOBO",24247.9591836735,312844.897959184
"ABIDJAN","COCODY","PHARMACIE","PHARMACIE","PHARMACIE NOUVELLE VIE",19155,23,11,0.00248380129589633,1.55432740698077,"PHARMACIE DES CITES",8363.59090909091,248202.409090909
"ABIDJAN","COCODY","INJECTION INTRA-MUSCULAIRE","SOINS AMBULATOIRES","HOTEL DE LA SANTE SAINTE HENRIETTE",9038.81818181818,22,14,0.0635838150289017,1.97756451693103,"CLINIQUE MERE DES ANGES",2705.88235294118,139324.588235294
"ABIDJAN","COCODY","INJECTION INTRA-MUSCULAIRE","SOINS AMBULATOIRES","CLINIQUE SAINT VIATEUR",7850.68181818182,22,17,0.0635838150289017,1.71761722440455,"CLINIQUE MERE DES ANGES",2705.88235294118,113185.588235294
